"moot-lemma";"F"
"Mensch";223
"Natur";143
"Vernunft";119
"Freiheit";111
"Schönheit";109
"Zeit";100
"Geschmack";94
"Kraft";94
"Form";88
"Geist";88
"Menschheit";81
"Gesetz";77
"Empfindung";70
"Kunst";68
"Zustand";68
"Charakter";60
"Begriff";58
"Erfahrung";58
"Gefühl";58
"Wahrheit";58
"Brief";56
"Trieb";56
"Bedürfnis";52
"Schöne";52
"Welt";51
"Materie";48
"Durchlaucht";47
"Kultur";45
"Sinn";45
"Gemüt";44
"Idee";43
"Prinz";43
"Fall";42
"Person";40
"Teil";39
"Gegenstand";38
"Herz";38
"Staat";38
"Tugend";38
"Verstand";38
"Willen";38
"Leben";37
"Einheit";35
"Grundsatz";33
"Notwendigkeit";33
"Stoff";33
"Tätigkeit";33
"Wirkung";33
"Ganze";32
"Grund";32
"Handlung";31
"Wesen";31
"Vermögen";29
"Weg";29
"Erscheinung";28
"Gestalt";27
"Hand";26
"Inhalt";26
"Veränderung";26
"Grenze";25
"Objekt";25
"Schranke";25
"Formtrieb";24
"Zeitalter";24
"Erkenntnis";23
"Jahrhundert";23
"Realität";23
"Sachetrieb";23
"Art";22
"Einfluß";22
"Gesellschaft";22
"Individuum";22
"Volk";22
"Bestimmung";21
"Neigung";21
"Persönlichkeit";21
"Pflicht";21
"Philosophie";21
"Sinnlichkeit";21
"Ding";20
"Gedanke";20
"Geschäft";20
"Macht";20
"Wirklichkeit";20
"Dasein";19
"Energie";19
"Ideal";19
"Spiel";19
"Untersuchung";19
"Verhältnis";19
"Anlage";18
"Gebiet";18
"Mittel";18
"Stand";18
"Tat";18
"Achtung";17
"Grad";17
"Gut";17
"Künstler";17
"Recht";17
"Wahl";17
"Wort";17
"Zweck";17
"Bürger";16
"Gattung";16
"Gesinnung";16
"Handeln";16
"Herrschaft";16
"Kopf";16
"Quelle";16
"Bedingung";15
"Betrachtung";15
"Bild";15
"Denken";15
"Sitte";15
"Spieltrieb";15
"Subjekt";15
"Würde";15
"Zwang";15
"Abstraktion";14
"Auge";14
"Betragen";14
"Gewalt";14
"Name";14
"Philosoph";14
"Prinzip";14
"Stück";14
"Vollkommenheit";14
"Vorstellung";14
"Widerspruch";14
"Wille";14
"Wissenschaft";14
"Arbeit";13
"Beispiel";13
"Eindruck";13
"Erhabene";13
"Folge";13
"Genuß";13
"Herr";13
"Moralität";13
"Seite";13
"Weise";13
"Werk";13
"Begierde";12
"Devotion";12
"Einbildungskraft";12
"Existenz";12
"Harmonie";12
"Interesse";12
"Kenntnis";12
"Leiden";12
"Mangel";12
"Mann";12
"Mannigfaltigkeit";12
"Phantasie";12
"Richtung";12
"Seele";12
"Unrecht";12
"Urteil";12
"Verdienst";12
"Verfeinerung";12
"Vergnügen";12
"Weisheit";12
"Willkür";12
"Zwecke";12
"Affekt";11
"Aufgabe";11
"Aufmerksamkeit";11
"Ausbildung";11
"Denkkraft";11
"Erklärung";11
"Gebrauch";11
"Kampf";11
"Licht";11
"Maß";11
"Möglichkeit";11
"Operation";11
"Raum";11
"Reiz";11
"System";11
"Ursprung";11
"Vorteil";11
"Wechsel";11
"Wert";11
"Widerstand";11
"Anschauung";10
"Aufklärung";10
"Augenblick";10
"Beweis";10
"Erschlaffung";10
"Fessel";10
"Gottheit";10
"Meinung";10
"Opfer";10
"Ordnung";10
"Regel";10
"Reich";10
"Religion";10
"Sinnen";10
"Sittlichkeit";10
"Stelle";10
"Unterhaltung";10
"Ursache";10
"Wilde";10
"Anteil";9
"Befriedigung";9
"Bewußtsein";9
"Bildung";9
"Einsicht";9
"Entgegensetzung";9
"Epoche";9
"Gegenteil";9
"Gegenwart";9
"Gelegenheit";9
"Gesetzgebung";9
"Glück";9
"Joch";9
"Lust";9
"Notwendige";9
"Rechte";9
"Rücksicht";9
"Schritt";9
"Stärke";9
"Tag";9
"Übereinstimmung";9
"Unterschied";9
"Versuch";9
"Versuchung";9
"Vorschrift";9
"Vortrag";9
"Antrieb";8
"Ausdruck";8
"Ausschließung";8
"Ausspruch";8
"Band";8
"Bund";8
"Durchlauchtigster";8
"Eigenschaft";8
"Forderung";8
"Freund";8
"Gerechtigkeit";8
"Gott";8
"Hilfe";8
"Klasse";8
"Maxime";8
"Moment";8
"Mühe";8
"Not";8
"Ruhe";8
"Sache";8
"Schicksal";8
"Sein";8
"Selbsttätigkeit";8
"Sphäre";8
"Sprache";8
"Stimme";8
"Stufe";8
"Ton";8
"Überzeugung";8
"Verbindung";8
"Verwilderung";8
"Vollendung";8
"Vorzug";8
"Weltbürger";8
"Weltordnung";8
"Wildheit";8
"Ziel";8
"Anspannung";7
"Bedeutung";7
"Denker";7
"Ehrfurcht";7
"Empfänglichkeit";7
"Fehler";7
"Gebäude";7
"Gefahr";7
"Genie";7
"Gesetzmäßigkeit";7
"Gesundheit";7
"Gleichgewicht";7
"Grazie";7
"Hoffnung";7
"Instrument";7
"Leidenschaft";7
"Mut";7
"Nation";7
"Nötigung";7
"Partei";7
"Rohheit";7
"Satz";7
"Schriftsteller";7
"Tier";7
"Übergang";7
"Uhrwerk";7
"Umgang";7
"Verderbnis";7
"Vereinigung";7
"Verfassung";7
"Vorurteil";7
"Werkzeug";7
"Wirken";7
"Wohlgefallen";7
"Wunsch";7
"Abhängigkeit";6
"Absicht";6
"Abspannung";6
"Alter";6
"Anblick";6
"Anspruch";6
"Ausübung";6
"Beschaffenheit";6
"Blick";6
"Dichter";6
"Eigentum";6
"Erwartung";6
"Ewigkeit";6
"Feind";6
"Feld";6
"Fortsetzung";6
"Frage";6
"Fülle";6
"Fürst";6
"Gang";6
"Geschlecht";6
"Glied";6
"Glückseligkeit";6
"Grundtrieb";6
"Hindernis";6
"Instinkt";6
"Liebe";6
"Reihe";6
"Schein";6
"Sinnenwelt";6
"Sklave";6
"Sohn";6
"Spur";6
"Tendenz";6
"Thron";6
"Tiefe";6
"Unabhängigkeit";6
"Verbindlichkeit";6
"Wechselwirkung";6
"Wirksamkeit";6
"Wohl";6
"Zirkel";6
"Zufall";6
"Zweifel";6
"Anfang";5
"Angelegenheit";5
"Angenehme";5
"Anstrengung";5
"Bande";5
"Barbar";5
"Barbarei";5
"Bedenken";5
"Beifall";5
"Bemerkung";5
"Beziehung";5
"Brust";5
"Effekt";5
"Einschränkung";5
"Empfinden";5
"Entschluß";5
"Entwicklung";5
"Ereignis";5
"Ew.";5
"Fähigkeit";5
"Feder";5
"Fertigkeit";5
"Gelehrte";5
"Gemälde";5
"Geschenk";5
"Grieche";5
"Härte";5
"Intelligenz";5
"Journal";5
"Kindheit";5
"Kreis";5
"Leser";5
"Maßstab";5
"Muster";5
"Naturstaat";5
"Naturstand";5
"Naturtrieb";5
"Naturzweck";5
"Rationalität";5
"Raub";5
"Rechtshandel";5
"Reichtum";5
"Reinheit";5
"Resultat";5
"Schwäche";5
"Spekulation";5
"Streit";5
"Stütze";5
"Totalität";5
"Trägheit";5
"Übel";5
"Übergewicht";5
"Umstand";5
"Unendlichkeit";5
"Unglück";5
"Unterdrückung";5
"Unvermögen";5
"Verachtung";5
"Verbesserung";5
"Verfahren";5
"Vergnügung";5
"Weltmann";5
"Willenskraft";5
"Willkürlichkeit";5
"Wissen";5
"Altertum";4
"Ästhetik";4
"Auflösung";4
"Aufnahme";4
"Autorität";4
"Bau";4
"Beharrlichkeit";4
"Behauptung";4
"Beruf";4
"Bestimmbarkeit";4
"Bleibende";4
"Diener";4
"Dienstag";4
"Egoismus";4
"Eifer";4
"Eigentümlichkeit";4
"Einzelne";4
"Empfindsamkeit";4
"Empfindungsvermögen";4
"Entscheidung";4
"Erfolg";4
"Erlaubnis";4
"Erziehung";4
"Faktum";4
"Formel";4
"Forum";4
"Fr.";4
"Frivolität";4
"Furcht";4
"Geisteskraft";4
"Genius";4
"Gewicht";4
"Gleichgültigkeit";4
"Größe";4
"Grundlage";4
"Gültigkeit";4
"Gute";4
"Güte";4
"Hören";4
"Hülle";4
"Individuellalität";4
"Intensität";4
"Irrtum";4
"Körper";4
"Kosten";4
"Lage";4
"Land";4
"Lauf";4
"Legalität";4
"Menge";4
"Menschengeschlecht";4
"Mißbrauch";4
"Muse";4
"Naturkraft";4
"Naturmensch";4
"Platz";4
"Problem";4
"Punkt";4
"Reflexion";4
"Richterstuhl";4
"Schauplatz";4
"Schilderung";4
"Schlaffheit";4
"Schönheitsgefühl";4
"Schrift";4
"Schuld";4
"Selbständigkeit";4
"Selbstbewußtsein";4
"Sicherheit";4
"Sieg";4
"Stein";4
"Strenge";4
"Takt";4
"Talent";4
"Täuschung";4
"Traum";4
"Triebfeder";4
"Übung";4
"Unbedingte";4
"Veredlung";4
"Verkündigung";4
"Verlust";4
"Vernunftbestimmung";4
"Verrichtung";4
"Vorstellungsart";4
"Vorwurf";4
"Waffe";4
"Wahnbegriff";4
"Weichlichkeit";4
"Weltalter";4
"Zeugnis";4
"Zufällige";4
"Zufälligkeit";4
"Zug";4
"Zukunft";4
"Zusammenhang";4
"Aberglaube";3
"Absolute";3
"Abstand";3
"Akt";3
"Allgemeinheit";3
"Anstalten";3
"Anstand";3
"Arme";3
"Ausbruch";3
"Ausführung";3
"Äußerung";3
"Bahn";3
"Begrenzung";3
"Behandlung";3
"Beharrliche";3
"Bereitschaft";3
"Besitz";3
"Beste";3
"Bestimmtheit";3
"Bestimmungsgrund";3
"Bruchstück";3
"Dankbarkeit";3
"Dunkelheit";3
"Ehe";3
"Ehre";3
"Einfalt";3
"Einförmigkeit";3
"Einwurf";3
"Element";3
"Entfernung";3
"Enthusiasmus";3
"Entwürdigung";3
"Erfüllung";3
"Erhaltungstrieb";3
"Ernst";3
"Erweiterung";3
"Extensität";3
"Extrem";3
"Falle";3
"Farbe";3
"Feigheit";3
"Ferne";3
"Fläche";3
"Freude";3
"Fundament";3
"Fuß";3
"Gebrechen";3
"Geburt";3
"Gedächtnis";3
"Gegner";3
"Geheimnis";3
"Gemeinschaft";3
"Genüge";3
"Geschichte";3
"Geschicklichkeit";3
"Gesetzbuch";3
"Gesetzgeber";3
"Gesetzgeberin";3
"Gewissen";3
"Gewohnheit";3
"Glauben";3
"Große";3
"Gunst";3
"Hang";3
"Hervorbringen";3
"Humanität";3
"Identität";3
"Instanz";3
"Jahr";3
"Kenner";3
"Kette";3
"Knechtschaft";3
"Konvenienz";3
"Krankheit";3
"Kritik";3
"Laster";3
"Leichtigkeit";3
"Mögliche";3
"Motion";3
"Mündigkeit";3
"Müßiggang";3
"Nachsicht";3
"Nachteil";3
"Naturbestimmung";3
"Naturgesetz";3
"Ohnmacht";3
"Organ";3
"Organisation";3
"Ort";3
"Phänomen";3
"Preis";3
"Probe";3
"Produkt";3
"Prüfung";3
"Rad";3
"Rat";3
"Regeneration";3
"Regierung";3
"Repräsentant";3
"Republik";3
"Ruhm";3
"Schöpfung";3
"Schoß";3
"Schreiben";3
"Schutz";3
"Schwabe";3
"Schwierigkeit";3
"Sensualität";3
"Sinnenempfindung";3
"Sinnenwesen";3
"Sittengesetz";3
"Sonnabend";3
"Sorge";3
"Staatsbürger";3
"Staatsverbesserung";3
"Staatsverfassung";3
"Stadt";3
"Strahl";3
"Strebe";3
"Strudel";3
"Tierheit";3
"Überrest";3
"Unendliche";3
"Unternehmen";3
"Vater";3
"Venus";3
"Verehrung";3
"Verfinsterung";3
"Verkehrtheit";3
"Verlegenheit";3
"Verschiedenheit";3
"Verwirrung";3
"Wahn";3
"Wirkliche";3
"Wohltat";3
"Zeitgenosse";3
"Zeitschrift";3
"Abbruch";2
"Abenteuerliche";2
"Abscheu";2
"Abschrift";2
"Absendung";2
"Adel";2
"Amt";2
"Anerbieten";2
"Anforderung";2
"Angriff";2
"Anlaß";2
"Anmut";2
"Anregung";2
"Anreizung";2
"Ansehen";2
"Antagonismus";2
"Antwort";2
"Anwendung";2
"April";2
"Araber";2
"Äther";2
"Aufenthalt";2
"Aufhebung";2
"Aufhören";2
"Aufmunterung";2
"Auftrag";2
"Ausnahme";2
"Aussicht";2
"B.";2
"Baumzweig";2
"Befugnis";2
"Begebenheit";2
"Begehrungskraft";2
"Begeisterung";2
"Beisitzer";2
"Beistand";2
"Beistimmung";2
"Belieben";2
"Belohnung";2
"Beobachter";2
"Beredsamkeit";2
"Beschäftigung";2
"Beschränktheit";2
"Besitzung";2
"Besseren";2
"Betrachten";2
"Beurteilung";2
"Bewunderung";2
"Bitte";2
"Blendwerk";2
"Blume";2
"Boden";2
"Buchstabe";2
"Chartenspiel";2
"Dämmerschein";2
"Dank";2
"Darstellung";2
"Dauer";2
"Denkungsart";2
"Despotismus";2
"Dezenz";2
"Dichtungskraft";2
"Dienst";2
"Dienstbarkeit";2
"Drang";2
"Durchl.";2
"Echtheit";2
"Egoist";2
"Eingang";2
"Einrichtung";2
"Einschluß";2
"Eintritt";2
"Empfindungsart";2
"Endezweck";2
"Endlichkeit";2
"Entbehrung";2
"Entnervung";2
"Erde";2
"Erhaltung";2
"Erinnerung";2
"Erkennen";2
"Erscheinen";2
"Erscheinungsart";2
"Erscheinungsweise";2
"Faden";2
"Familie";2
"Feuer";2
"Finsternis";2
"Flamme";2
"Flut";2
"Formalität";2
"Führer";2
"Funken";2
"Gefolge";2
"Gefühlvermögen";2
"Gehorsam";2
"Geistesschwäche";2
"Geistigkeit";2
"Gemeinsinn";2
"Gerät";2
"Geschäftsmann";2
"Geselligkeit";2
"Gewand";2
"Gewinn";2
"Gipfel";2
"Größen-Einheit";2
"Großmut";2
"Gründlichkeit";2
"Günstling";2
"Handelnde";2
"Haufen";2
"Haupt";2
"Heiligtum";2
"Himmel";2
"Humanisierung";2
"Ideal-Mensch";2
"Ideal-Schöne";2
"Imperativ";2
"Innere";2
"Innhalt";2
"Jahrtausend";2
"Juli";2
"Juno";2
"Kirche";2
"Klarheit";2
"Klippe";2
"Kluft";2
"Knoten";2
"Konflikt";2
"Kraftäußerung";2
"Kraftgewinn";2
"Kühnheit";2
"Kunsttheorie";2
"Kunstwerk";2
"Liberalität";2
"Lieferung";2
"Lohn";2
"Los";2
"Ludwigsburg";2
"Männlichkeit";2
"März";2
"Material";2
"Materiale";2
"Meister";2
"Menschenkarrakte";2
"Menschlichkeit";2
"Metaphysik";2
"Metaphysiker";2
"Mitte";2
"Mitteilung";2
"Mittelpunkt";2
"Montag";2
"Morgenröte";2
"Muße";2
"Nachdenken";2
"Nacht";2
"Naturbedingung";2
"Naturgebäude";2
"Nebenbuhler";2
"Negation";2
"Neger";2
"Neuere";2
"Neueren";2
"Nov.";2
"Nutzen";2
"Oberflächlichkeit";2
"Passion";2
"Passivität";2
"Pfad";2
"Poesie";2
"Politik";2
"Priestertum";2
"Provinz";2
"Publikum";2
"Quell";2
"Rang";2
"Rechtfertigung";2
"Rechtmäßigkeit";2
"Redner";2
"Reform";2
"Region";2
"Regsamkeit";2
"Reinigung";2
"Reise";2
"Resignation";2
"Revolution";2
"Rigidität";2
"Ringen";2
"Rückfall";2
"Rüstung";2
"Schande";2
"Schätzung";2
"Schau";2
"Schlaf";2
"Schluß";2
"Schmerz";2
"Schnellekraft";2
"Schönheitssinn";2
"Schule";2
"Schwankung";2
"Schwärmerei";2
"Sektiererei";2
"Selbst";2
"Selbstdenker";2
"Selbstgenügsamkeit";2
"Selbstliebe";2
"Selbstständigkeit";2
"Selbstsucht";2
"Selbstzweck";2
"Seltsame";2
"Sittenlehre";2
"Sonntag";2
"Sozietät";2
"Spiegel";2
"Sprachegebrauch";2
"Standort";2
"Stärkeren";2
"Staub";2
"Sterbliche";2
"Strafe";2
"Stunde";2
"Summe";2
"Symbol";2
"Tatsache";2
"Temperament";2
"Tochter";2
"Tod";2
"Treffliche";2
"Trennung";2
"Tyrannei";2
"Umfang";2
"Unbegrenzte";2
"Unlust";2
"Unterbrechung";2
"Unterscheidung";2
"Unterstützung";2
"Untersuchungsgeist";2
"Unvollkommenheit";2
"Unwürdigkeit";2
"Üppigkeit";2
"Usurpation";2
"Verächter";2
"Veranlaßung";2
"Verfall";2
"Verhandlungsart";2
"Verirrung";2
"Verlangen";2
"Vernunftbegriff";2
"Vernunftfreiheit";2
"Vernunftgericht";2
"Vernunftgesetz";2
"Vernunftidee";2
"Vernunftkraft";2
"Verpflichtung";2
"Versicherung";2
"Vielheit";2
"Voraussetzung";2
"Vorliebe";2
"Vormundschaft";2
"Vorsehung";2
"Waage";2
"Wahrhaftigkeit";2
"Wahrnehmung";2
"Wärme";2
"Weib";2
"Weichheit";2
"Weltteil";2
"Wendung";2
"Werden";2
"Wettkampf";2
"Wichtigkeit";2
"Winter";2
"Witz";2
"Wohlsein";2
"Wut";2
"Zeitbürger";2
"Zeitcharakter";2
"Zeitgeschmack";2
"Zeitlang";2
"Zeitraum";2
"Zentrum";2
"Zerstörung";2
"Zögling";2
"Zufrieden";2
"Zugang";2
"Zutun";2
"Zweckmäßigkeit";2
"Abbassiden";1
"Abbaßiden";1
"Abbild";1
"Abdruck";1
"Abgeschmackte";1
"Abhängige";1
"Abkunft";1
"Ableitung";1
"Abneigung";1
"Abreise";1
"Abscheuliche";1
"Abschied";1
"Abschwörung";1
"Absonderung";1
"Abstrakt";1
"Abstraktionsgeist";1
"Abstumpfung";1
"Abteilung";1
"Abwechselung";1
"Abweg";1
"Abweichung";1
"Affektation";1
"Affekten";1
"Affektion";1
"Ahndung";1
"Ahne";1
"Aktivität";1
"Alleinbesitz";1
"Allheit";1
"Altar";1
"Alte";1
"Analogie";1
"Analysis";1
"Analyst";1
"Anarchie";1
"Anbetung";1
"Andacht";1
"Anerkennung";1
"Anfall";1
"Anfänger";1
"Anfrage";1
"Angesicht";1
"Anhänger";1
"Anker";1
"Anliegen";1
"Anmeldung";1
"Annahme";1
"Annalen";1
"Ansehung";1
"Anstalt";1
"Anständige";1
"Ansteckung";1
"Antlitz";1
"Antrag";1
"Anzahl";1
"Apathie";1
"Apoll";1
"Apologie";1
"Arbeiter";1
"Architekt";1
"Ariestide";1
"Asche";1
"Astronom";1
"Aufflug";1
"Aufklärungswerk";1
"Aufopferung";1
"Aufsatz";1
"Aufstand";1
"Aufstellung";1
"Augenblickliche";1
"August";1
"Ausbreitung";1
"Ausgang";1
"Ausleger";1
"Aussage";1
"Ausschweifung";1
"Äußerste";1
"Autor";1
"Barbarische";1
"Baumeister";1
"Bearbeitung";1
"Bedauern";1
"Bedingte";1
"Befolgung";1
"Beförderung";1
"Befriedigende";1
"Befürchtung";1
"Begehrlichkeit";1
"Beharrung";1
"Behelf";1
"Beherrscherin";1
"Beherrschung";1
"Bekennen";1
"Bekenntnis";1
"Bekleidung";1
"Belehrung";1
"Beleidigung";1
"Bemühung";1
"Benennung";1
"Berg";1
"Bericht";1
"Berichtigung";1
"Berührung";1
"Beschämung";1
"Bescheidenheit";1
"Beschluß";1
"Beschränkung";1
"Beschuldigung";1
"Beschwerde";1
"Besinnenheit";1
"Besorgnis";1
"Bestand";1
"Bestandiges";1
"Bestandteil";1
"Bestechung";1
"Bestimmungslosigkeit";1
"Betrug";1
"Beurteiler";1
"Beute";1
"Bewahrung";1
"Beweggrund";1
"Bewegung";1
"Bewirtung";1
"Bezeichnung";1
"Bildhauer";1
"Bildnißmahler";1
"Bildsäule";1
"Bildungstrieb";1
"Bildungsvermögen";1
"Blöße";1
"Böse";1
"Brand";1
"Brennpunkt";1
"Briefwechsel";1
"Bruch";1
"Buch";1
"Bündigkeit";1
"Bunte";1
"Burg";1
"Convention";1
"Dämon";1
"Dänische";1
"Dazwischenkunft";1
"Delikatesse";1
"Denkart";1
"Denkfähigkeit";1
"Denkgesetz";1
"Denkmal";1
"Denkvermögen";1
"Dependenz";1
"Depravation";1
"Dergl.";1
"Deutlichkeit";1
"Deutsche";1
"Dez.";1
"Dezember";1
"Dialektik";1
"Dichtkunst";1
"Diktion";1
"Diplomatik";1
"Disposition";1
"Don";1
"Donnerstag";1
"Drama";1
"Drangsale";1
"Dreizehender";1
"Dulden";1
"Dynast";1
"Ecke";1
"Edlere";1
"Ehrerbietung";1
"Ehrwürdigkeit";1
"Eifersucht";1
"Einbildung";1
"Einfall";1
"Eingriff";1
"Einkleidung";1
"Einmischung";1
"Eins";1
"Einschließung";1
"Einseitigkeit";1
"Eintrag";1
"Einwirkung";1
"Einwohnung";1
"Elegie";1
"Elementarreich";1
"Elementenstreit";1
"Empfang";1
"Empfehlung";1
"Empfindlichkeit";1
"Empfindungskraft";1
"Empfindungsweise";1
"Empirie";1
"Endelos";1
"Endezwecke";1
"Endigung";1
"Enkel";1
"Entschädigung";1
"Entschließen";1
"Entschließung";1
"Entschuldigung";1
"Entwickelung";1
"Entwurf";1
"Entziehung";1
"Epikurismus";1
"Epistolarisechen";1
"Erdbeben";1
"Erfahrungsbegriff";1
"Erfahrungskreis";1
"Erfahrungsurteil";1
"Erforschung";1
"Ergebung";1
"Erholung";1
"Erkenntnisgeschäft";1
"Erkenntniskreis";1
"Ermordung";1
"Erröten";1
"Erschöpfung";1
"Erschütterung";1
"Erster";1
"Ertrag";1
"Erwachen";1
"Erwachung";1
"Erwerbung";1
"Erz";1
"Ethiker";1
"Extremität";1
"Fabel";1
"Fächergelehrte";1
"Fanatismus";1
"Faustkampf";1
"Febr.";1
"Februar";1
"Federkraft";1
"Federzug";1
"Fehltritt";1
"Feindin";1
"Feinheit";1
"Feldgeschrei";1
"Fest";1
"Fiesko";1
"Figur";1
"Final-Zusammenhang";1
"Firmament";1
"Flachheit";1
"Fleiß";1
"Flickwerk";1
"Fluch";1
"Flüchtling";1
"Flug";1
"Flügel";1
"Formale";1
"Formular";1
"Forscher";1
"Forschung";1
"Fortdauer";1
"Fortgang";1
"Fortschritt";1
"Fragment";1
"Freieste";1
"Freigebigkeit";1
"Freigeisterei";1
"Freiheitsäußerung";1
"Freiheitsgefühl";1
"Freitag";1
"Fremdling";1
"Fridr";1
"Frucht";1
"Fundamentalgesetz";1
"Fünfzehender";1
"Fürstenhand";1
"Gattein";1
"Gattungsbegriff";1
"Gebieter";1
"Gebrechlichkeit";1
"Gedächtnisschatz";1
"Gedankenstoff";1
"Gedicht";1
"Geduld";1
"Gefilde";1
"Gegend";1
"Gegengewicht";1
"Gegenwärtige";1
"Gehirn";1
"Geisternatur";1
"Geistesarbeit";1
"Geistesbedürfnis";1
"Geistesleerheit";1
"Geistesrichtung";1
"Geistesstimmung";1
"Gelächter";1
"Gelehrsamkeit";1
"Gelenkigkeit";1
"Gemeine";1
"Gemeinspruch";1
"Gemütsfreiheit";1
"Gemütskraft";1
"Gemütsoperation";1
"Gemütsverfassung";1
"General";1
"Generation";1
"Generische";1
"Genesis";1
"Genügsamkeit";1
"Gerätschaft";1
"Geräusch";1
"Gerichtsbarkeit";1
"Germane";1
"Gerüst";1
"Gesang";1
"Geschäftigkeit";1
"Geschäftsgeist";1
"Geschick";1
"Geschlechtsliebe";1
"Geschlechtstrieb";1
"Geschöpf";1
"Gesellschafter";1
"Gesellschaftszustand";1
"Gesetzlosigkeit";1
"Gesichtbart";1
"Gesichtskreis";1
"Gesichtspunkt";1
"Gesichtszug";1
"Gespensterlarve";1
"Gespräch";1
"Geständnis";1
"Gestirn";1
"Gewächs";1
"Geweih";1
"Gewelke";1
"Gewitter";1
"Gewöhnliche";1
"Giganteske";1
"Gladiator";1
"Glanz";1
"Glaubensbekenntnis";1
"Gluck";1
"Gnade";1
"Gondelrennen";1
"Gotterkreis";1
"Gotterstand";1
"Gottesdienst";1
"Gottesverehrung";1
"Göttin";1
"Grab";1
"Gravitation";1
"Griechenland";1
"Groß";1
"Großheit";1
"Grundsäule";1
"Grundstein";1
"Gründung";1
"Haar";1
"Hälfte";1
"Hals";1
"Halt";1
"Handel";1
"Handlungsart";1
"Häßliche";1
"Haupt-Innhalt";1
"Hauptpunkt";1
"Hausvater";1
"Heftigkeit";1
"Heroismus";1
"Herrlichkeit";1
"Herzhaftigkeit";1
"Himmlische";1
"Hinblick";1
"Hinschmelzung";1
"Hinsicht";1
"Höhle";1
"Holdseligkeit";1
"Hülfeleistung";1
"Hüter";1
"Hypochondrie";1
"Ich";1
"Idealgestalt";1
"Idealische";1
"Idealschöne";1
"Ideen-Einheit";1
"Ideenreich";1
"Ideenwelt";1
"Idol";1
"Ilias";1
"Immunität";1
"Impression";1
"Indolenz";1
"Indulgenz";1
"Insurrektion";1
"Intervall";1
"Irre";1
"Jahrgang";1
"Jan.";1
"Januar";1
"Jugend";1
"Juliesche";1
"Jun.";1
"Juni";1
"Jupiter";1
"Kaiser";1
"Kaltsinn";1
"Kaltsinnigkeit";1
"Kammerrat";1
"Kämpfer";1
"Kampfspiel";1
"Karikatur";1
"Karraktebildung";1
"Karte";1
"Kausalverknüpfung";1
"Keim";1
"Kirstein";1
"Klassifizierung";1
"Kleid";1
"Kleine";1
"Klima";1
"Knecht";1
"Knie";1
"Kohäsionskraft";1
"Kollision";1
"Kolorit";1
"Kommodus";1
"Königin";1
"Konsequenz";1
"Konsumation";1
"Kontemplation";1
"Kontrast";1
"Konversation";1
"Kopie";1
"Koppenhahn";1
"Koralle";1
"Korrektheit";1
"Korso";1
"Kraftlosigkeit";1
"Kraftmangel";1
"Kraftverlust";1
"Kreislauf";1
"Krieg";1
"Kriegerin";1
"Kunstbruder";1
"Künstlerin";1
"Kunstmensch";1
"Kunstphilosophie";1
"Kuratel";1
"Labyrinth";1
"Laune";1
"Laute";1
"Laxität";1
"Lebendige";1
"Lebendigkeit";1
"Lebensart";1
"Lebensfreude";1
"Lebensglück";1
"Lebenskraft";1
"Lebenskunst";1
"Lebensregel";1
"Lebenstrieb";1
"Lebhaft";1
"Lebhaftigkeit";1
"Leere";1
"Leerheit";1
"Legislation";1
"Legislationen";1
"Lehrer";1
"Leiter";1
"Leitung";1
"Lektüre";1
"Liebhaber";1
"Liebhaberei";1
"Lieblingsgespräch";1
"Lieblingsidee";1
"Linie";1
"Literarische";1
"Logik";1
"Lombarde";1
"Losreißung";1
"Machwerk";1
"Magazin";1
"Magie";1
"Majestätsrecht";1
"Maler";1
"Malerei";1
"Markt";1
"Markung";1
"Marmorblock";1
"Marter";1
"Märtyrer";1
"Maschinenwerk";1
"Maschinerie";1
"Mäßigung";1
"Mathematik";1
"Maurer";1
"Maximum";1
"Mechanik";1
"Medicier";1
"Medium";1
"Memorie";1
"Menschenklasse";1
"Menschenrecht";1
"Menschenverstand";1
"Merkmal";1
"Messer";1
"Metapher";1
"Milch";1
"Mischung";1
"Missetäter";1
"Mißhelligkeit";1
"Mißtrauen";1
"Mißverständnis";1
"Mistritt";1
"Mitbestellte";1
"Mitbürger";1
"Mithandelnde";1
"Mitjade";1
"Mitleid";1
"Mitleiden";1
"Mitteilbarkeit";1
"Mittelmäßigkeit";1
"Mittwoch";1
"Modegeschmack";1
"Monarchie";1
"Monatschrift";1
"Monatstück";1
"Moral";1
"Moralist";1
"Morgenland";1
"Morgenwolke";1
"Mund";1
"Mündel";1
"Muschel";1
"Musik";1
"Musterung";1
"Mutter";1
"Mythos";1
"Nachahmung";1
"Nachbild";1
"Nachen";1
"Nachgeben";1
"Nachgiebigkeit";1
"Nachlaß";1
"Nachricht";1
"Naturbewegung";1
"Natureinfluß";1
"Naturmechanismus";1
"Naturnotwendigkeit";1
"Naturrecht";1
"Naturregiment";1
"Natursohn";1
"Naturwesen";1
"Naturwidrigkeit";1
"Natur-Wissenschaft";1
"Nichtschweiger";1
"Nichtsetzung";1
"Nichtswürdige";1
"Nichttätigkeit";1
"Niederträchtigkeit";1
"Nordkaledoniener";1
"Notdurft";1
"Notfall";1
"Notstaat";1
"Notwendiger";1
"Notwendiges";1
"Octob.";1
"Offenheit";1
"Ohr";1
"Olymp";1
"Olympia";1
"Original";1
"Paradoxie";1
"Paradoxon";1
"Paroxysmus";1
"Pelasger";1
"Periode";1
"Pfand";1
"Pflanzung";1
"Pflege";1
"Pflichtmäßigkeit";1
"Philanthropie";1
"Philofisch";1
"Philosophieren";1
"Phocion";1
"Physiker";1
"Plan";1
"Plane";1
"Poet";1
"Politur";1
"Polypennatur";1
"Porträt";1
"Position";1
"Positiv";1
"Prädikat";1
"Prävention";1
"Presse";1
"Prinzessin";1
"Privatbedürfnis";1
"Privatgefühl";1
"Privatgeschmack";1
"Privatmann";1
"Proffondeste";1
"Psychologe";1
"Putz";1
"Rasende";1
"Rate";1
"Räuber";1
"Raubtier";1
"Rebell";1
"Rechenschaft";1
"Rede";1
"Redensart";1
"Regent";1
"Regidität";1
"Regiment";1
"Regung";1
"Reife";1
"Reizung";1
"Religionsgrund";1
"Religionsidee";1
"Repräsentation";1
"Rhythmus";1
"Richterin";1
"Riesenschritt";1
"Ritter";1
"Römer";1
"Ruder";1
"Rührung";1
"Ruine";1
"Sacheführer";1
"Sacheunterschied";1
"Sachwalter";1
"Sandbank";1
"Saturn";1
"Säugling";1
"Säule";1
"Schaden";1
"Schandtat";1
"Schatten";1
"Schattenthron";1
"Schatz";1
"Scheidekünstler";1
"Scheidung";1
"Scheingröße";1
"Schema";1
"Schlachtopfer";1
"Schlag";1
"Schlechte";1
"Schlimme";1
"Schlummer";1
"Schlußfolge";1
"Schmelzung";1
"Schnelligkeit";1
"Schnörkel";1
"Schönheitsideal";1
"Schönheitstrieb";1
"Schonung";1
"Schöpfer";1
"Schöpfungswerk";1
"Schrecken";1
"Schreiende";1
"Schüler";1
"Schwachheit";1
"Schwachkopf";1
"Schwang";1
"Schwärmer";1
"Schwärmergeist";1
"Schwelger";1
"Schwerkraft";1
"Schwinge";1
"Sehkraft";1
"Seichtigkeit";1
"Selbstbestimmung";1
"Selbstlosigkeit";1
"Selbsttäuschung";1
"Sensation";1
"Sensibilität";1
"Setzung";1
"Signal";1
"Simplizität";1
"Sinneninteresse";1
"Sinnensklave";1
"Sinnlichvergünstigen";1
"Sittliche";1
"Situation";1
"Sklavenarbeit";1
"Sklavenstand";1
"Sklaverei";1
"Sommer";1
"Sonderbarkeit";1
"Sonneblick";1
"Sonnenhitze";1
"Sophistik";1
"Spektakel";1
"Spielerei";1
"Spitze";1
"Spitzfindigkeit";1
"Spontaneität";1
"Spott";1
"Sprung";1
"Staatsgebäude";1
"Staatskünstler";1
"Staatsmann";1
"Staatsrecht";1
"Staatsveränderung";1
"Staatsverwandelung";1
"Staktrieb";1
"Stamm";1
"Starkmutige";1
"Steifigkeit";1
"Steppe";1
"Stern";1
"Sternenchorre";1
"Stetigkeit";1
"Stiergefecht";1
"Stil";1
"Stille";1
"Stillschweigen";1
"Stimmen-Mehrheit";1
"Stimmung";1
"Stirn";1
"Stofftrieb";1
"Stolz";1
"Streiter";1
"Streitigkeit";1
"Strengigkeit";1
"Strom";1
"Studium";1
"Stumpfheit";1
"Sturm";1
"Subtilität";1
"Succession";1
"Südensee";1
"Superstition";1
"Surrogat";1
"Systemsucht";1
"Tageslicht";1
"Tal";1
"Tapferkeit";1
"Tathandlung";1
"Tausend";1
"Teilung";1
"Teleskop";1
"Tempel";1
"Temperatur";1
"Teuflische";1
"Theorie";1
"Tiefsinnigkeit";1
"Tierart";1
"Tierfell";1
"Tiergattung";1
"Tierhatz";1
"Titanenkraft";1
"Todeskampf";1
"Trabant";1
"Transzendentalphilosoph";1
"Transzendental-Philosophie";1
"Trauerspiel";1
"Trinkgeschirr";1
"Trockenheit";1
"Trotz";1
"Tuchlauch";1
"Tugendfreund";1
"Überdruß";1
"Übermacht";1
"Übernehmung";1
"Überredung";1
"Überschwemmung";1
"Überspannung";1
"Übertretung";1
"Überwindung";1
"Ufer";1
"Umschwung";1
"Umtausch";1
"Unbescheidenheit";1
"Unduldsamkeit";1
"Unempfindlichkeit";1
"Unfruchtbarkeit";1
"Ungebindenheit";1
"Ungeheuer";1
"Ungerechtigkeit";1
"Ungereimte";1
"Ungestüm";1
"Unglauben";1
"Unglückliche";1
"Universalgenie";1
"Universalisierung";1
"Universalität";1
"Unmoralischität";1
"Unmündigkeit";1
"Unnatur";1
"Unordnung";1
"Unschicklichkeit";1
"Unsterblichkeit";1
"Untat";1
"Unterdrücker";1
"Untergang";1
"Unterjochung";1
"Unternehmung";1
"Unterordnung";1
"Untertänigkeit";1
"Unterwürfigkeit";1
"Untiefe";1
"Unüberwindlichkeit";1
"Unveränderlichkeit";1
"Unwert";1
"Unwillen";1
"Unzulänglichkeit";1
"Unzuverlässigkeit";1
"Urania";1
"Urbild";1
"Urgesetz";1
"Urteilen";1
"Urteilskraft";1
"Urwelt";1
"Varietät";1
"Vaterland";1
"Vegetation";1
"Verabscheuung";1
"Veränderlichkeit";1
"Verbannung";1
"Verbrechen";1
"Verderbnissen";1
"Verehrer";1
"Verehrtesten";1
"Vereinbarkeit";1
"Verfechter";1
"Verführung";1
"Vergönnen";1
"Verhalten";1
"Verirrte";1
"Verkettung";1
"Verleugnung";1
"Verleugnungsgabe";1
"Vernachlässigung";1
"Vernunftvermögen";1
"Vernunftwesen";1
"Verräterei";1
"Versäumnis";1
"Verschiedene";1
"Versinkenheit";1
"Verstandesgattung";1
"Verstandesgebrauch";1
"Verstandesoperation";1
"Verstärkung";1
"Verstellung";1
"Verteidiger";1
"Vertrag";1
"Vertrauen";1
"Verwandelung";1
"Verwegenheit";1
"Verwunderung";1
"Verwüstung";1
"Verzärtelung";1
"Verzeihung";1
"Verzichtleistung";1
"Verzierung";1
"Verzweiflung";1
"Vierter";1
"Vierzehender";1
"Vision";1
"Völkerschaft";1
"Volksglückseligkeit";1
"Volksspiel";1
"Volljährigkeit";1
"Vollkommene";1
"Voraus";1
"Vorfall";1
"Vorgänger";1
"Vorkehrung";1
"Vorlesung";1
"Vormund";1
"Vorrat";1
"Vorrecht";1
"Vorschlag";1
"Vorsprung";1
"Vorstellungskraft";1
"Vortreffliche";1
"Vortrefflichkeit";1
"Vortrefflichster";1
"Vorwelt";1
"Wagestück";1
"Wahnsinnige";1
"Wahrheitsfreund";1
"Wahrheitsliebe";1
"Wahrheitssinn";1
"Wahrscheinlichkeit";1
"Wanderung";1
"Wange";1
"Wechselbegriff";1
"Wechselstreit";1
"Wechselverhältnis";1
"Wechsel-Wirkung";1
"Wegräumung";1
"Wegwerfung";1
"Weisheitsgottin";1
"Wellenbewegung";1
"Weltbau";1
"Weltentdecker";1
"Welterfahrung";1
"Weltverbesserer";1
"Weltweise";1
"Weltzweck";1
"Werken";1
"Wettrennen";1
"Widersinnige";1
"Widerstreit";1
"Wiederhersteller";1
"Wiederherstellung";1
"Wink";1
"Wirbel";1
"Wirkungsart";1
"Wirkungskreis";1
"Wissenschaftslehre.";1
"Witterung";1
"Woche";1
"Wohlgewogenheit";1
"Wohlwollen";1
"Wohnung";1
"Wolke";1
"Wollust";1
"Wortgerippe";1
"Wuchs";1
"Wunde";1
"Wunder";1
"Würdigung";1
"Zagen";1
"Zahl";1
"Zeichnung";1
"Zeile";1
"Zeitbedingung";1
"Zeitbedürfnis";1
"Zeitganze";1
"Zeitgeist";1
"Zeitlichkeit";1
"Zeitpunkt";1
"Zeitumstand";1
"Zepter";1
"Zergliederung";1
"Zerrüttung";1
"Zerstreuung";1
"Zerstückelung";1
"Zimmermann";1
"Zufriedenheit";1
"Zügel";1
"Zuhörer";1
"Zusammenfluß";1
"Zusammenstückelung";1
"Zusammenwirkung";1
"Zuschauer";1
"Zuziehung";1
"Zwangsgewalt";1
"Zwiespalt";1
